{
  "timestamp": "2025-08-21T12:00:00",
  "files_analyzed": 1594,
  "quality_metrics": {
    "total_lines": 62408,
    "long_functions": 2,
    "documented_files": 150,
    "complex_patterns": 120
  },
  "performance_benchmarks": {
    "string_processing": 0.00789189338684082,
    "list_operations": 0.00201416015625,
    "dict_operations": 0.01265406608581543,
    "file_operations": 0.0171506404876709
  },
  "quality_score": 95.0,
  "performance_score": 99.50361549854279,
  "total_execution_time": 0.2716341018676758,
  "summary": "Analyzed 1594 files with quality score 95.0% and performance score 99.5%"
}